epoch,time,train/box_loss,train/cls_loss,train/dfl_loss,metrics/precision(B),metrics/recall(B),metrics/mAP50(B),metrics/mAP50-95(B),val/box_loss,val/cls_loss,val/dfl_loss,lr/pg0,lr/pg1,lr/pg2
1,219.948,2.00956,5.85309,2.4536,0.42192,0.2614,0.20829,0.06398,2.52952,6.38719,2.8177,9.97758e-05,9.97758e-05,0.0801446
2,423.324,1.91514,5.09371,2.36423,0.34587,0.33401,0.2739,0.10234,2.42294,5.65534,2.58348,0.000199764,0.000199764,0.0602446
3,624.154,1.87768,4.95793,2.3182,0.59649,0.26887,0.27219,0.08697,2.48741,5.11542,2.66452,0.000299703,0.000299703,0.0403445
4,823.454,1.85586,4.86231,2.28904,0.40576,0.42923,0.37584,0.1437,2.19252,4.51126,2.4459,0.000399556,0.000399556,0.0204444
5,1022.51,1.81932,4.68819,2.26443,0.53299,0.34382,0.31928,0.11915,2.36534,5.0359,2.56904,0.000499288,0.000499288,0.000544131
6,1220.9,1.77009,4.52281,2.21767,0.48657,0.34797,0.33326,0.12793,2.22746,4.76422,2.46708,0.000499237,0.000499237,0.000499237
7,1418.94,1.77126,4.50651,2.21365,0.46552,0.42195,0.41185,0.15063,2.2043,4.30444,2.43959,0.000498902,0.000498902,0.000498902
8,1618.19,1.73687,4.35875,2.17678,0.49205,0.45501,0.44655,0.17358,2.15121,4.03616,2.36041,0.000498505,0.000498505,0.000498505
9,1816.27,1.73487,4.23729,2.16674,0.44983,0.42837,0.40948,0.16304,2.13425,4.404,2.39458,0.000498048,0.000498048,0.000498048
10,2072.71,1.70456,4.2081,2.14266,0.47258,0.45761,0.43115,0.17055,2.09014,4.34327,2.33263,0.000497531,0.000497531,0.000497531
11,2272.03,1.69963,4.0541,2.12833,0.44362,0.4285,0.40467,0.15845,2.21779,4.05617,2.47552,0.000496953,0.000496953,0.000496953
12,2470.12,1.68637,4.12445,2.13799,0.45592,0.48386,0.47865,0.18417,2.1106,3.98306,2.36088,0.000496315,0.000496315,0.000496315
13,2669.21,1.67533,3.95643,2.09564,0.5758,0.525,0.50852,0.20566,2.07403,3.77017,2.31172,0.000495616,0.000495616,0.000495616
14,2868.18,1.65756,3.92914,2.09119,0.57064,0.48037,0.48801,0.20008,2.0537,3.79138,2.26719,0.000494858,0.000494858,0.000494858
15,3065.86,1.64496,3.83981,2.07541,0.50246,0.47319,0.47049,0.20134,2.04672,3.86107,2.30952,0.000494039,0.000494039,0.000494039
16,3263.98,1.63489,3.86121,2.06953,0.50474,0.48825,0.50411,0.20206,2.11279,3.66562,2.38325,0.000493162,0.000493162,0.000493162
17,3462.08,1.64652,3.85253,2.07917,0.53898,0.56656,0.56146,0.23429,1.97207,3.54799,2.22984,0.000492224,0.000492224,0.000492224
18,3661.83,1.63765,3.72424,2.06057,0.51852,0.48984,0.5061,0.20062,2.10424,3.6599,2.40932,0.000491228,0.000491228,0.000491228
19,3859.5,1.62344,3.66208,2.04804,0.47444,0.49671,0.46656,0.1813,2.14095,3.90256,2.39913,0.000490173,0.000490173,0.000490173
20,4058.48,1.63765,3.67825,2.05596,0.55689,0.48396,0.51251,0.20188,2.04889,3.85169,2.30861,0.000489059,0.000489059,0.000489059
21,4256.47,1.60378,3.60199,2.02513,0.53284,0.47785,0.50201,0.19783,2.13936,3.74936,2.35705,0.000487886,0.000487886,0.000487886
22,4454.89,1.5837,3.55696,2.03182,0.55642,0.50776,0.53646,0.21797,2.03826,3.60846,2.31447,0.000486656,0.000486656,0.000486656
23,4652.64,1.59653,3.56506,2.02417,0.5472,0.47948,0.52099,0.22419,1.95378,3.65725,2.24525,0.000485368,0.000485368,0.000485368
24,4850.68,1.60356,3.58943,2.03155,0.60899,0.52813,0.57647,0.25237,1.90973,3.52546,2.2179,0.000484022,0.000484022,0.000484022
25,5049.37,1.60001,3.58708,2.02966,0.62186,0.53238,0.57098,0.24386,1.94769,3.502,2.25678,0.00048262,0.00048262,0.00048262
26,5247.43,1.57729,3.54081,2.01691,0.54692,0.495,0.52581,0.21574,2.02007,3.57796,2.29235,0.00048116,0.00048116,0.00048116
27,5445.69,1.58119,3.48834,2.00922,0.67245,0.5521,0.6063,0.25774,1.98507,3.23422,2.29341,0.000479644,0.000479644,0.000479644
28,5644.53,1.57781,3.48921,2.01403,0.63266,0.52554,0.5882,0.26832,1.89083,3.31301,2.20106,0.000478072,0.000478072,0.000478072
29,5844.19,1.58035,3.43742,2.0034,0.62418,0.55197,0.60659,0.28372,1.84279,3.29937,2.13733,0.000476445,0.000476445,0.000476445
30,6042.9,1.56762,3.47817,2.00444,0.67936,0.56796,0.62904,0.28357,1.86238,3.16928,2.1882,0.000474762,0.000474762,0.000474762
31,6240.93,1.56637,3.42071,2.00064,0.57266,0.51116,0.55126,0.23986,1.89707,3.64419,2.17535,0.000473024,0.000473024,0.000473024
32,6439.74,1.56754,3.3976,2.0017,0.64328,0.57636,0.61489,0.28032,1.8905,3.20562,2.14222,0.000471232,0.000471232,0.000471232
33,6637.63,1.54831,3.41309,1.98754,0.67553,0.57109,0.63432,0.29159,1.85046,3.09041,2.11916,0.000469386,0.000469386,0.000469386
34,6837.16,1.54508,3.33392,1.97977,0.61844,0.53345,0.59336,0.27736,1.85565,3.16979,2.13609,0.000467486,0.000467486,0.000467486
35,7035.29,1.54432,3.27919,1.97442,0.63257,0.55494,0.59828,0.27374,1.81181,3.31208,2.10899,0.000465534,0.000465534,0.000465534
36,7233.96,1.53321,3.32244,1.9707,0.68445,0.55744,0.62793,0.3007,1.76594,3.10602,2.05268,0.000463528,0.000463528,0.000463528
37,7433.3,1.52699,3.30365,1.95378,0.64215,0.60197,0.64653,0.30413,1.81972,3.08809,2.08839,0.000461471,0.000461471,0.000461471
38,7632.27,1.52737,3.28568,1.94128,0.65337,0.58684,0.6465,0.29856,1.83615,3.10522,2.07162,0.000459362,0.000459362,0.000459362
39,7831.79,1.51334,3.24531,1.94492,0.71833,0.55722,0.64911,0.3277,1.72068,3.05506,2.01566,0.000457202,0.000457202,0.000457202
40,8030.4,1.51862,3.20975,1.95137,0.64256,0.57173,0.63142,0.31173,1.73664,3.0305,2.0728,0.000454992,0.000454992,0.000454992
41,8228.31,1.52047,3.18717,1.95335,0.63675,0.59895,0.63858,0.30367,1.77732,3.01986,2.0734,0.000452732,0.000452732,0.000452732
42,8426.35,1.50711,3.14641,1.94316,0.64965,0.61055,0.6506,0.31665,1.754,3.04485,2.05512,0.000450422,0.000450422,0.000450422
43,8624.16,1.5208,3.14308,1.94683,0.67285,0.60531,0.66983,0.32065,1.77487,2.98333,2.03444,0.000448063,0.000448063,0.000448063
44,8822.32,1.52024,3.18079,1.95199,0.6498,0.61716,0.65226,0.31727,1.7353,3.0237,2.05703,0.000445657,0.000445657,0.000445657
45,9019.54,1.5104,3.13864,1.95248,0.65423,0.61281,0.6617,0.32675,1.74009,2.9579,2.00778,0.000443202,0.000443202,0.000443202
46,9218.09,1.49089,3.12611,1.93251,0.64256,0.62663,0.65731,0.32756,1.70111,2.95,1.98913,0.0004407,0.0004407,0.0004407
47,9416.72,1.50332,3.11373,1.9295,0.65903,0.60304,0.64843,0.32493,1.7188,2.9845,1.99412,0.000438152,0.000438152,0.000438152
48,9614.31,1.49729,3.0476,1.9294,0.67415,0.61159,0.66724,0.334,1.71018,2.9156,2.00855,0.000435559,0.000435559,0.000435559
49,9814.31,1.48763,3.02277,1.93379,0.65861,0.61171,0.64205,0.30269,1.8076,3.08979,2.05913,0.00043292,0.00043292,0.00043292
50,10012.7,1.47785,3.02803,1.915,0.6666,0.60419,0.63937,0.31639,1.72068,3.11739,1.9878,0.000430236,0.000430236,0.000430236
51,10211.9,1.487,3.04923,1.91834,0.67488,0.61642,0.6679,0.33646,1.67565,2.88157,1.97333,0.000427509,0.000427509,0.000427509
52,10410.8,1.47119,3.0052,1.90022,0.6758,0.61435,0.67641,0.3335,1.7159,2.8734,1.97564,0.000424738,0.000424738,0.000424738
53,10609.5,1.47902,2.99855,1.90952,0.6433,0.65146,0.67808,0.3374,1.69338,2.86554,1.97554,0.000421925,0.000421925,0.000421925
54,10808.9,1.47202,2.95069,1.91274,0.66421,0.6117,0.66026,0.32885,1.69705,2.91938,2.00988,0.000419071,0.000419071,0.000419071
55,11007,1.45679,2.95975,1.89075,0.65721,0.61195,0.66228,0.32999,1.67739,2.91318,2.00035,0.000416175,0.000416175,0.000416175
56,11205.8,1.46821,2.95592,1.89699,0.69168,0.62881,0.68922,0.35105,1.69392,2.76938,1.97854,0.000413238,0.000413238,0.000413238
57,11404.3,1.45594,2.93233,1.88387,0.67753,0.62907,0.671,0.33667,1.70142,2.88628,1.99807,0.000410262,0.000410262,0.000410262
58,11602.6,1.46874,2.9832,1.90233,0.6816,0.62912,0.67745,0.33424,1.6854,2.87788,1.95655,0.000407248,0.000407248,0.000407248
59,11801.2,1.44919,2.88168,1.88636,0.70774,0.62231,0.68305,0.34908,1.67816,2.81034,1.97657,0.000404194,0.000404194,0.000404194
60,11999.3,1.4546,2.89638,1.89572,0.66569,0.62563,0.66891,0.34018,1.65952,2.86546,1.95783,0.000401104,0.000401104,0.000401104
61,12197.9,1.44967,2.89507,1.87899,0.67544,0.63163,0.67904,0.34719,1.70038,2.80475,1.96872,0.000397977,0.000397977,0.000397977
62,12396,1.43273,2.89383,1.87479,0.6701,0.66005,0.69231,0.35853,1.67356,2.76927,1.94546,0.000394814,0.000394814,0.000394814
63,12595.2,1.42918,2.83347,1.87169,0.64459,0.66203,0.6946,0.35894,1.66607,2.73487,1.942,0.000391616,0.000391616,0.000391616
64,12794.3,1.43206,2.79714,1.86602,0.68496,0.6458,0.69479,0.35699,1.69364,2.71614,1.98347,0.000388383,0.000388383,0.000388383
65,12991.8,1.43102,2.78927,1.863,0.66781,0.64118,0.6865,0.34718,1.68968,2.73688,1.98364,0.000385117,0.000385117,0.000385117
66,13190,1.43176,2.81406,1.86811,0.67646,0.64623,0.69323,0.35889,1.65387,2.70009,1.95058,0.000381818,0.000381818,0.000381818
67,13387.7,1.43406,2.78003,1.87287,0.67304,0.64199,0.68677,0.35434,1.68619,2.76304,1.98142,0.000378488,0.000378488,0.000378488
68,13586.8,1.42469,2.82576,1.86539,0.67999,0.64084,0.68264,0.34821,1.70271,2.81526,1.99055,0.000375126,0.000375126,0.000375126
69,13784.7,1.43153,2.84172,1.8634,0.66305,0.64731,0.69857,0.35826,1.66206,2.72919,1.97093,0.000371734,0.000371734,0.000371734
70,13982.7,1.41869,2.78207,1.86976,0.68538,0.63782,0.69245,0.35342,1.65245,2.75285,1.94592,0.000368313,0.000368313,0.000368313
71,14181.1,1.40991,2.74889,1.8526,0.72302,0.6345,0.70526,0.36134,1.67741,2.68301,1.95669,0.000364863,0.000364863,0.000364863
72,14379.4,1.41977,2.7463,1.85948,0.71533,0.63329,0.68803,0.3511,1.69369,2.77515,1.98699,0.000361385,0.000361385,0.000361385
73,14577.6,1.41265,2.76294,1.84681,0.70608,0.62412,0.70736,0.3652,1.65555,2.70717,1.9388,0.00035788,0.00035788,0.00035788
74,14776.7,1.41008,2.69848,1.84954,0.69047,0.64494,0.69872,0.36758,1.63125,2.72783,1.92445,0.00035435,0.00035435,0.00035435
75,14976,1.39427,2.65925,1.84037,0.69624,0.6343,0.70256,0.36364,1.66773,2.66584,1.93953,0.000350794,0.000350794,0.000350794
76,15174.3,1.40272,2.70886,1.84754,0.72163,0.61616,0.69263,0.3642,1.67317,2.70853,1.96392,0.000347214,0.000347214,0.000347214
77,15371.7,1.40939,2.71555,1.85828,0.68877,0.65695,0.70935,0.37909,1.62634,2.61675,1.94921,0.000343611,0.000343611,0.000343611
78,15570.6,1.4105,2.68399,1.83517,0.71329,0.64756,0.72438,0.38185,1.63304,2.56514,1.93353,0.000339985,0.000339985,0.000339985
79,15769.1,1.40042,2.64564,1.83168,0.71523,0.66762,0.71466,0.37205,1.64863,2.61682,1.94784,0.000336338,0.000336338,0.000336338
80,15967,1.4013,2.63791,1.82849,0.69039,0.67876,0.72801,0.38216,1.6245,2.59605,1.91197,0.00033267,0.00033267,0.00033267
81,16165.8,1.39537,2.61275,1.82477,0.71271,0.6723,0.72332,0.37772,1.64104,2.58266,1.92017,0.000328982,0.000328982,0.000328982
82,16363.7,1.40241,2.60945,1.82554,0.70897,0.65584,0.72102,0.37616,1.64643,2.59513,1.9267,0.000325275,0.000325275,0.000325275
83,16561.8,1.38181,2.65399,1.81845,0.70968,0.64739,0.72206,0.38097,1.63398,2.54161,1.93721,0.00032155,0.00032155,0.00032155
84,16759.4,1.37725,2.57452,1.80346,0.70278,0.66907,0.71858,0.37407,1.64495,2.60431,1.95704,0.000317809,0.000317809,0.000317809
85,16958.1,1.38439,2.59603,1.82363,0.73537,0.66305,0.73526,0.38802,1.64251,2.52883,1.95668,0.000314051,0.000314051,0.000314051
86,17156.1,1.38727,2.58824,1.81619,0.69216,0.67563,0.71555,0.38078,1.63597,2.57024,1.94115,0.000310278,0.000310278,0.000310278
87,17354.4,1.37314,2.54779,1.81075,0.72456,0.67079,0.73107,0.38621,1.62562,2.52507,1.94092,0.00030649,0.00030649,0.00030649
88,17552.3,1.37376,2.51455,1.80804,0.71265,0.67754,0.73136,0.38369,1.64524,2.53477,1.95466,0.00030269,0.00030269,0.00030269
89,17749.6,1.37306,2.53367,1.81581,0.72621,0.65628,0.72472,0.37888,1.64295,2.5757,1.93894,0.000298877,0.000298877,0.000298877
90,17948.7,1.38008,2.51298,1.80676,0.7071,0.67499,0.7343,0.38388,1.64002,2.51383,1.92325,0.000295052,0.000295052,0.000295052
91,18146.6,1.35668,2.50504,1.79041,0.68217,0.68649,0.72504,0.38429,1.62709,2.53565,1.90109,0.000291218,0.000291218,0.000291218
92,18345.6,1.36843,2.49221,1.80696,0.70632,0.681,0.74014,0.39415,1.6286,2.47891,1.91037,0.000287373,0.000287373,0.000287373
93,18543.8,1.37098,2.52417,1.80409,0.673,0.69629,0.72822,0.39285,1.61992,2.5232,1.91441,0.00028352,0.00028352,0.00028352
94,18741.7,1.35526,2.46947,1.8042,0.67243,0.68597,0.72292,0.38545,1.64355,2.52276,1.93366,0.000279659,0.000279659,0.000279659
95,18939.4,1.35907,2.47701,1.79759,0.70953,0.66499,0.72939,0.38766,1.6166,2.51514,1.92144,0.000275792,0.000275792,0.000275792
96,19136.7,1.33661,2.43628,1.77961,0.70501,0.68574,0.74545,0.39897,1.61648,2.45964,1.89841,0.000271919,0.000271919,0.000271919
97,19336.5,1.34951,2.42401,1.78164,0.7081,0.67636,0.73439,0.39708,1.60327,2.47788,1.89691,0.000268041,0.000268041,0.000268041
98,19534.3,1.35363,2.42129,1.78212,0.7375,0.66213,0.73675,0.39724,1.61059,2.47272,1.89569,0.000264159,0.000264159,0.000264159
99,19731.7,1.33092,2.45067,1.77421,0.70268,0.67919,0.72475,0.38446,1.6356,2.55853,1.92608,0.000260274,0.000260274,0.000260274
100,19930,1.32722,2.39232,1.77485,0.69357,0.69485,0.73527,0.39573,1.62849,2.49204,1.91503,0.000256388,0.000256388,0.000256388
101,20164.8,1.34493,2.41406,1.78555,0.70623,0.67258,0.73163,0.38986,1.63443,2.48301,1.92439,0.0002525,0.0002525,0.0002525
102,20363.8,1.32496,2.3689,1.77169,0.73732,0.6679,0.74786,0.39369,1.62206,2.46213,1.92228,0.000248612,0.000248612,0.000248612
103,20562.3,1.33147,2.37308,1.77652,0.69645,0.68439,0.72733,0.37679,1.68259,2.52202,1.96208,0.000244726,0.000244726,0.000244726
104,20761.5,1.32625,2.34005,1.76269,0.72345,0.68872,0.74254,0.39469,1.6364,2.42289,1.942,0.000240841,0.000240841,0.000240841
105,20959,1.31696,2.3284,1.76087,0.71647,0.68547,0.73586,0.39661,1.63064,2.46958,1.93189,0.000236959,0.000236959,0.000236959
106,21156.1,1.30881,2.33248,1.7569,0.72991,0.69445,0.74307,0.39516,1.63394,2.46484,1.92177,0.000233081,0.000233081,0.000233081
107,21354.5,1.30768,2.3109,1.74679,0.72518,0.70745,0.75281,0.40716,1.6061,2.42607,1.90805,0.000229208,0.000229208,0.000229208
108,21552.9,1.30696,2.30779,1.75122,0.69659,0.7081,0.74534,0.40722,1.60802,2.39503,1.89165,0.000225341,0.000225341,0.000225341
109,21751.9,1.30755,2.29397,1.74507,0.72456,0.69854,0.75071,0.40324,1.61445,2.41006,1.90206,0.00022148,0.00022148,0.00022148
110,21950,1.30194,2.28253,1.74476,0.7247,0.69277,0.73993,0.3982,1.62329,2.43939,1.91851,0.000217627,0.000217627,0.000217627
111,22147.3,1.30451,2.27355,1.74008,0.68203,0.71367,0.74153,0.39984,1.62641,2.42559,1.92246,0.000213782,0.000213782,0.000213782
112,22345.7,1.29494,2.26723,1.73385,0.70704,0.69606,0.74475,0.39909,1.61806,2.37898,1.92385,0.000209948,0.000209948,0.000209948
113,22542.6,1.30362,2.28218,1.73825,0.74872,0.68129,0.74955,0.40648,1.6138,2.38293,1.91785,0.000206123,0.000206123,0.000206123
114,22741.5,1.29468,2.24235,1.73724,0.7274,0.68628,0.74454,0.40745,1.60648,2.37878,1.90217,0.00020231,0.00020231,0.00020231
115,22939.6,1.29446,2.22666,1.74136,0.71844,0.69308,0.73963,0.40665,1.60708,2.37497,1.90435,0.00019851,0.00019851,0.00019851
116,23137.1,1.28035,2.22842,1.72814,0.74302,0.7008,0.7546,0.40933,1.60241,2.3517,1.90957,0.000194722,0.000194722,0.000194722
117,23335.9,1.27875,2.22878,1.73268,0.69409,0.72494,0.75297,0.41163,1.60048,2.36675,1.91274,0.000190949,0.000190949,0.000190949
118,23534.3,1.27598,2.1896,1.72962,0.71606,0.72289,0.7603,0.41407,1.6043,2.33376,1.9121,0.000187191,0.000187191,0.000187191
119,23733.6,1.2696,2.16626,1.71882,0.71134,0.71589,0.75146,0.40962,1.60745,2.35028,1.91928,0.00018345,0.00018345,0.00018345
120,23930.7,1.27571,2.18195,1.72135,0.72347,0.71732,0.75371,0.40954,1.61067,2.33232,1.9149,0.000179725,0.000179725,0.000179725
121,24128.8,1.25434,2.13897,1.71234,0.72048,0.70221,0.75131,0.40626,1.61448,2.37216,1.91137,0.000176018,0.000176018,0.000176018
122,24326.8,1.26978,2.18635,1.7139,0.72569,0.68885,0.74635,0.4043,1.6125,2.38101,1.91206,0.00017233,0.00017233,0.00017233
123,24524.9,1.26376,2.13352,1.70932,0.71159,0.71531,0.74993,0.4072,1.60802,2.36767,1.9117,0.000168662,0.000168662,0.000168662
124,24722.8,1.26964,2.1592,1.71015,0.71331,0.72573,0.75295,0.41194,1.60231,2.36321,1.9106,0.000165015,0.000165015,0.000165015
125,24920.8,1.25961,2.14216,1.70638,0.70565,0.70485,0.74416,0.40301,1.62298,2.39425,1.9289,0.000161389,0.000161389,0.000161389
126,25119.2,1.26223,2.11732,1.70897,0.73128,0.68957,0.74682,0.40371,1.6304,2.35571,1.93799,0.000157786,0.000157786,0.000157786
127,25317.6,1.24194,2.08793,1.69072,0.71748,0.70212,0.74646,0.40105,1.64019,2.36561,1.93575,0.000154206,0.000154206,0.000154206
128,25516.4,1.24808,2.09411,1.70003,0.72664,0.69633,0.74652,0.40207,1.62894,2.36074,1.94147,0.00015065,0.00015065,0.00015065
129,25714.3,1.23979,2.07162,1.68584,0.70917,0.72724,0.75418,0.40853,1.62213,2.33917,1.93848,0.00014712,0.00014712,0.00014712
130,25912.1,1.23866,2.08409,1.68385,0.70994,0.72416,0.75164,0.40518,1.63577,2.35737,1.93983,0.000143615,0.000143615,0.000143615
131,26110.8,1.24559,2.05295,1.68693,0.708,0.72552,0.75356,0.407,1.63701,2.35509,1.93958,0.000140137,0.000140137,0.000140137
132,26308.4,1.23758,2.04527,1.68846,0.73628,0.71495,0.75433,0.405,1.64161,2.34596,1.95315,0.000136687,0.000136687,0.000136687
133,26506,1.23498,2.02185,1.68125,0.72657,0.69409,0.74821,0.40325,1.63511,2.36641,1.95071,0.000133266,0.000133266,0.000133266
134,26704.2,1.23252,2.01101,1.66592,0.7133,0.69935,0.74285,0.40105,1.64272,2.38671,1.9557,0.000129874,0.000129874,0.000129874
135,26901.7,1.2183,2.00688,1.67486,0.74657,0.70322,0.75411,0.40804,1.64724,2.34778,1.95609,0.000126512,0.000126512,0.000126512
136,27100.3,1.23136,2.00178,1.67127,0.72606,0.71193,0.74823,0.40442,1.66661,2.36322,1.97234,0.000123182,0.000123182,0.000123182
137,27297.9,1.22567,2.03806,1.67883,0.71961,0.70509,0.74242,0.40128,1.66872,2.38558,1.97334,0.000119883,0.000119883,0.000119883
138,27530.2,1.21161,1.99856,1.6603,0.72132,0.69777,0.74533,0.40081,1.6598,2.37418,1.96666,0.000116617,0.000116617,0.000116617
139,27728.7,1.21606,2.00485,1.65968,0.71954,0.71165,0.74859,0.40289,1.65495,2.34765,1.96919,0.000113384,0.000113384,0.000113384
140,27926.6,1.21579,1.96253,1.66605,0.73435,0.69817,0.75228,0.40933,1.64308,2.32924,1.95473,0.000110186,0.000110186,0.000110186
141,28219.4,1.21519,1.97362,1.66625,0.72478,0.71662,0.75972,0.41346,1.63402,2.32334,1.94877,0.000107023,0.000107023,0.000107023
142,28624.9,1.20485,1.95982,1.65551,0.72553,0.7124,0.75739,0.4135,1.63963,2.32735,1.95761,0.000103896,0.000103896,0.000103896
143,28856.3,1.21645,1.99077,1.66606,0.73431,0.70673,0.7535,0.40941,1.63772,2.34907,1.9685,0.000100806,0.000100806,0.000100806
144,29055.5,1.2074,1.97048,1.65702,0.73844,0.70345,0.75527,0.40968,1.63341,2.33673,1.96183,9.77524e-05,9.77524e-05,9.77524e-05
145,29333.6,1.19403,1.91927,1.65508,0.74537,0.69786,0.7577,0.41151,1.64127,2.336,1.97055,9.47376e-05,9.47376e-05,9.47376e-05
146,29532.6,1.19776,1.94769,1.64803,0.71945,0.71984,0.75308,0.41073,1.64059,2.32878,1.97143,9.17616e-05,9.17616e-05,9.17616e-05
147,29731.9,1.19393,1.93007,1.64598,0.73284,0.71099,0.75307,0.40955,1.64371,2.32448,1.97613,8.88253e-05,8.88253e-05,8.88253e-05
148,29930.5,1.1936,1.93633,1.64779,0.7299,0.71517,0.75271,0.40663,1.64547,2.34227,1.9798,8.59294e-05,8.59294e-05,8.59294e-05
